time,rh_WRJ1_pos,rh_WRJ2_pos,rh_FFJ1_pos,rh_FFJ2_pos,rh_FFJ3_pos,rh_FFJ4_pos,rh_MFJ1_pos,rh_MFJ2_pos,rh_MFJ3_pos,rh_MFJ4_pos,rh_RFJ1_pos,rh_RFJ2_pos,rh_RFJ3_pos,rh_RFJ4_pos,rh_LFJ1_pos,rh_LFJ2_pos,rh_LFJ3_pos,rh_LFJ4_pos,rh_LFJ5_pos,rh_THJ1_pos,rh_THJ2_pos,rh_THJ3_pos,rh_THJ4_pos,rh_THJ5_pos,rh_WRJ1_vel,rh_WRJ2_vel,rh_FFJ1_vel,rh_FFJ2_vel,rh_FFJ3_vel,rh_FFJ4_vel,rh_MFJ1_vel,rh_MFJ2_vel,rh_MFJ3_vel,rh_MFJ4_vel,rh_RFJ1_vel,rh_RFJ2_vel,rh_RFJ3_vel,rh_RFJ4_vel,rh_LFJ1_vel,rh_LFJ2_vel,rh_LFJ3_vel,rh_LFJ4_vel,rh_LFJ5_vel,rh_THJ1_vel,rh_THJ2_vel,rh_THJ3_vel,rh_THJ4_vel,rh_THJ5_vel
0.0,0.0,0.0,0.0,0.0,0.0,0.0,0.0,0.0,0.0,0.0,0.0,0.0,0.0,0.0,0.0,0.0,0.0,0.0,0.0,0.0,0.0,0.0,0.0,0.0,-0.055,0.0,0.0,0.0,0.0,0.32,0.0,0.0,0.0,0.0,0.0,0.0,0.0,0.0,0.0,0.0,0.0,0.0,0.0,0.0,0.0,0.0,0.0,0.0
0.1,-0.08369083963146028,-0.003835608050704639,0.1670552704804792,0.263298293525523,0.035429914372981576,-0.12272903360751404,0.16685691731946234,0.24879573714299513,-0.0007383576905687203,-0.05405500895920294,0.16692537436322857,0.24911542424847086,-0.0007000237522314278,-0.005187343230979984,0.15773681085733662,0.21614376500306623,0.05640015062030817,-0.17560260113982262,0.45445487844147675,-0.002538757030402241,0.019503838858622675,0.10946249643739633,0.5534981241974635,0.03957269958895678,-0.055,0.0,0.13725294623803597,-0.005893535235527761,0.0,0.32,-0.00773977211217168,-0.07931705818213282,-0.2675076655631037,-0.6639767840789764,-0.014772972019482411,-0.06668538000829305,-0.17175939581477948,-0.23024960306478431,0.2971647808913405,-0.01430773532423189,-0.06316460836924326,-0.16697327184756522,-0.2441612784584576,-0.12309947432888377,0.03309687331555396,0.10568447362576118,0.2574606024441111,-0.8524389321955762
0.2,-0.06678027623878866,-0.003503057522052813,0.166670433817047,0.2578089139974078,0.01726153194469461,-0.1685399051431045,0.16643318206619365,0.24647775549054515,-0.0053450000758266565,-0.06804440236219844,0.1665127435478849,0.2469932262458855,-0.005244361624155943,-0.027543416876345917,0.15878304052716605,0.21881060482252146,0.05987719960101887,-0.22932014996797823,0.4547123822260243,-0.002440685514940649,0.012706392777751338,0.10944829923787242,0.5724779629827924,0.026440736573977105,-0.055,0.0,0.1767015447479339,0.0060474433314296,0.0,0.32,-0.001367617340012011,-0.035096570956656276,-0.11459484647930437,-0.3098153229843542,-0.00022565912267527038,-0.005564588038238359,0.001060010970289225,-0.08490257742794653,-0.09592805358152295,-0.00023627212196815578,-0.004326934679875484,0.00038220205192110435,-0.18037516975548668,-0.10799174741757067,0.0007969908110582525,-0.005150375732681448,-0.04627528586682154,-0.32958380391050324
0.3,-0.04974738589082334,-0.003226516385621404,0.16660795123329075,0.25529747069496994,0.009017722473090102,-0.19131098966183527,0.16645529473803936,0.24618965636713458,-0.004940449378100665,-0.07459562045511878,0.1665338758518408,0.24675028664720622,-0.004871712304220849,-0.04010837030020641,0.158793285518355,0.2182088621596894,0.05565938455257532,-0.24911281352415585,0.4462411257469915,-0.0025727689669984583,0.00822041701517971,0.10944388221583547,0.5832395933998521,0.0179794657686913,-0.055,0.0,0.17161287318499976,-0.010647286398097795,0.0,0.32,-0.0011930224743393805,-0.0228805666770067,-0.07010293017433653,-0.19318997424968543,-0.0009243810615535055,-0.006959753645620831,-0.004998471765248404,-0.09170414482511743,-0.09170575998560099,-0.0009526925455768865,-0.009104134436045007,-0.004158620272353811,-0.016407597837872608,-0.07068691791132367,0.002760053633601529,-4.244494216589772e-5,-0.042393748967639346,0.024664198210568172
0.4,-0.03360254797427288,-0.0037393337613601265,0.16659542855828327,0.25385288485894364,0.004404627808972521,-0.20547683212696466,0.16648756520829894,0.24604555425065688,-0.004392832973856749,-0.08108290605521214,0.16656594848381778,0.24649898805105047,-0.0043343669780625885,-0.04252391572293788,0.15877995174659504,0.2175670439515859,0.0513885987166042,-0.2490991056781503,0.43818743113295217,-0.0026325537443985902,0.005579899882732456,0.10944314549316694,0.5902350579910713,0.012948810425413,-0.055,0.0,0.151656117215255,-0.002739582106015594,0.0,0.32,0.0001887667349038485,-0.009619651711137222,-0.030444060515967493,-0.10334217840936573,0.0005713384996140095,0.00019262814383098095,0.007995322506959017,-0.047000675739696886,-0.0630095426096301,0.000560207551754798,-0.000621224661659527,0.007603910816049399,-0.0215623157943997,-0.03788624495141412,-0.0005717655915696857,-0.006097080078161995,-0.03455494013383948,0.000215886218025941
0.5,-0.019482959952752763,-0.0038725113595792075,0.16662486140439542,0.2531834036964499,0.002314653985441338,-0.2131625379715537,0.16654678860827585,0.24612392092421154,-0.003576393077026757,-0.08450134250791928,0.1666237481620037,0.2465182015892544,-0.003562613737507355,-0.04445555186827656,0.15873634309735674,0.21713640494676437,0.04896827411198513,-0.249082159408636,0.43378903960802534,-0.0026770471833502986,0.004050042656401994,0.10944176586030542,0.5946967111980247,0.010022797494930949,-0.055,0.0,0.13087046519425627,-0.00016231899240285157,0.0,0.32,0.00036041785350812423,-0.004322268566839882,-0.013180305903145957,-0.0547276768120867,0.0005881683374755582,0.00120997748613261,0.008084432223774305,-0.02318660643417994,-0.027215147288696458,0.0005718763121609989,0.0008304619226892768,0.007647867628324989,-0.017638249286820444,-0.02192942420550945,-0.0002645806501153353,-0.0026167790642698343,-0.01495383555541288,0.00013191439379701348
0.6,-0.007376555993492254,-0.0038052171715341615,0.16666351783034938,0.25291115281535326,0.0015137839501113265,-0.2170824337612299,0.16660336713391297,0.24626949599575235,-0.002791396710608191,-0.08600855567657102,0.16667862055737134,0.24664520325808229,-0.0028111146523168117,-0.04613706187577126,0.15872503551428752,0.2170001843797362,0.04814205814427833,-0.24907166291611,0.4322748387749185,-0.0027120675348214964,0.003173200390589809,0.10944088418840052,0.5973984947993787,0.008355737010579,-0.055,0.0,0.1115732829112985,0.0013809073250632704,0.0,0.32,0.00040197178559575283,-0.0014015746761418466,-0.003753434740140425,-0.026160827409990425,0.0005406237183981078,0.0016460020207750346,0.007598141625586343,-0.008118171021781903,-0.005111880302223266,0.0005232424347631192,0.0016441024745389831,0.0073947758940728775,-0.016250856790648402,-0.01222082516553318,1.600844875412627e-5,-0.0003298020205993449,-0.0027235020876333936,8.1696386620118e-5
0.7,0.002898389449189557,-0.0036175140535929526,0.16670383136242617,0.2528604585252268,0.001423943879270061,-0.2187815169973984,0.16665469081953466,0.24644474667177554,-0.0020590100236381726,-0.08631671036393906,0.16672825722760232,0.2468362941876709,-0.002082302014888609,-0.047731077089145514,0.15873544434840448,0.21703397417781584,0.04823705296101439,-0.24906167604132984,0.43243726956421363,-0.0027399161178786715,0.0026905923560631706,0.10944032830012623,0.5989957809182499,0.0074512873036956,-0.055,0.0,0.09431248833669845,0.0022283269523976673,0.0,0.32,0.00039814652722634596,0.00020982459524822758,0.0013385436897227969,-0.009464116294399316,0.00048326048174740385,0.0018075661697961648,0.006952584212353936,0.000980788432280557,0.006965442017551511,0.00046927810619704535,0.0020981552515098507,0.0070918457747473265,-0.01536984703060294,-0.006431087835751711,0.0001871087759354374,0.0008937906583249142,0.003916095847828423,0.0008139220527908319
0.8,0.011593885192404691,-0.0034058234125647737,0.16674120459498948,0.2529165117725128,0.0016659776162841252,-0.2193199165011061,0.16669835669118893,0.24661562503305173,-0.0014225023727386472,-0.0860847647637031,0.16677092134554705,0.24703741508861515,-0.0014246897288592985,-0.04900586102034811,0.15876144701050401,0.2171558123704724,0.04876077054245106,-0.24855365968820176,0.43335777244660767,-0.002762908706103207,0.0024302428448224923,0.10943999339685136,0.5999071341702499,0.006975852370900397,-0.055,0.0,0.08000137029881217,0.0020264243856862123,0.0,0.32,0.00035265774516904104,0.0008374186561366866,0.003269214443174762,-0.002210278010798407,0.0003998338599388239,0.001629448168709478,0.0058949382400352995,0.00325331551497447,0.010459860464672212,0.00039140570584709263,0.0019340487499403412,0.006147292853876921,-0.010480957648626518,-0.0033338827194284407,0.0002959643007900436,0.0013791983890854662,0.005941845765368432,0.008419234977504339
0.9,0.01896895362900905,-0.003208796955373344,0.16677455272025438,0.2530158712279591,0.0020391252187589573,-0.21934955534499057,0.16673541955265206,0.24677095690188605,-0.0008716940420448658,-0.0857151810706319,0.16680722139987722,0.24722288785041224,-0.0008461704425865618,-0.04989201223868098,0.15879123754667485,0.21729426700192211,0.04936328314182209,-0.24753284956489535,0.4344249860843503,-0.002780502197236735,0.0022943103284225647,0.10943981356164188,0.6004464072794722,0.006737310634417656,-0.055,0.0,0.06781807869780868,0.0019235788175117183,0.0,0.32,0.0003143071727709256,0.0011025512984496634,0.004042650517928639,0.001174549280090262,0.0003431567012553692,0.0014742739811771418,0.005137784513361249,0.003973964300310584,0.010614824059057181,0.00033627131938401914,0.0017709609499636405,0.005435187208702437,-0.007483465496765819,-0.0016153648303187838,0.0002928449776878196,0.0013551475068036627,0.005955731032032592,0.011439466950569039
1.0,0.02521655138958582,-0.0030199935239486747,0.16680405920035313,0.253129990281914,0.002452104289703362,-0.2191488697294689,0.1667672402817565,0.24691004266690295,-0.0003925727183076719,-0.08531263240797608,0.16683841942110617,0.24739090801936198,-0.00033607339078349746,-0.050539143894076405,0.15881926735869475,0.21742321015870775,0.04993464782047741,-0.24634509804615012,0.4354490344498351,-0.002794404764350599,0.002225973372812124,0.10943970888273603,0.6007775894893858,0.006626203545654753,-0.055,0.0,0.05740872785737454,0.0018554692709978672,0.0,0.32,0.0002759339426834008,0.0011548590887175865,0.004137908103036443,0.0026150273695321417,0.00029432330068059824,0.0013065115554617933,0.004455196838956528,0.004002279076812186,0.009778918957657364,0.00028871502341851885,0.0015874323678900398,0.00477379183982976,-0.005596339524926398,-0.0007039481072145476,0.0002660945950612961,0.0012152100287906014,0.005426629452626199,0.012044087143721056
1.1,0.030501951835698402,-0.0028374012354800463,0.1668297958940486,0.2532433313484107,0.0028556919902351747,-0.2188585461156112,0.16679448405666464,0.24703230962896552,2.1501515719651784e-5,-0.08492464687232354,0.16686515694179527,0.24754025434346819,0.00011013365043868468,-0.05103231266452919,0.1588442812310459,0.2175365803120318,0.05044402910044299,-0.24516144421781955,0.4363712113741566,-0.0028056909056224824,0.0021937359919950478,0.10943964621871403,0.6009886918998416,0.006582056822438898,-0.055,0.0,0.04853773761466174,0.0017968604672057473,0.0,0.32,0.00023922856831585943,0.0011002595047675248,0.0038976651672873236,0.003080799783880749,0.0002515113955516694,0.0011400387056470607,0.0038374171880004235,0.0037266688953804137,0.00864440079988493,0.00024695944574598704,0.0014000685881686026,0.00415888449356667,-0.004346889827730159,-0.0002317409686817064,0.00023399483634441485,0.001051664948251213,0.004753197236539796,0.011506517875934253
1.2,0.034968441011069065,-0.002660641427925216,0.16685200921544152,0.2533485097931667,0.0032269988832448796,-0.21854820488610788,0.16681772701450368,0.2471384204094993,0.0003771782105040091,-0.08457101777480482,0.1668879893117978,0.24767120182406127,0.0004975381136094728,-0.051420934730273836,0.15886608252467022,0.21763378287554958,0.050885447712612046,-0.24405969985718048,0.43717712123896346,-0.002815018608925681,0.0021804466225086297,0.10943960747203571,0.6011290071356866,0.006572035177818024,-0.055,0.0,0.04099770932802045,0.0017378468824904984,0.0,0.32,0.000205624580933135,0.0009987744487639325,0.003515305337170516,0.003073998273483486,0.00021423280194629498,0.000984487308466673,0.003287511322587435,0.0033363835976034867,0.00748122421949079,0.00021054310768619904,0.0012209089075849561,0.003598836478094529,-0.0034735324249093903,2.9505408987166452e-6,0.00020234810668121696,0.000894691338874224,0.00408186465961098,0.010481487607295982
1.3,0.038739629456461463,-0.0024899671330009185,0.166871044362493,0.2534425990326344,0.0035574579985506866,-0.21825074670028832,0.16683749950805354,0.24722972008037658,0.0006812528448634894,-0.08425812261781111,0.16690742893062283,0.2477849201243934,0.0008318682454784149,-0.05173462951367636,0.15888484285560134,0.21771608617090987,0.05126237403479905,-0.24307023084252968,0.437870233409813,-0.002822820653360766,0.0021768110175353437,0.10943958255703792,0.6012264276018807,0.006578470931762692,-0.055,0.0,0.0346024661196756,0.0016748652503950942,0.0,0.32,0.00017570793953407846,0.0008821695795735639,0.0030924600018109897,0.0028531662530989965,0.00018201716142873562,0.000844224809119866,0.0028049660568221636,0.0029219906801834276,0.006399168127599771,0.0001790250122413395,0.0010561494665896403,0.0030976630563084233,-0.00283052509568559,0.00011075484888286404,0.0001733186009078291,0.0007545510622592241,0.0034684969952025976,0.009298618137807567
1.4,0.04192157282929906,-0.002325824259835586,0.16688727623008312,0.25352498197681317,0.003845856597968812,-0.21798024897928184,0.16685428199765504,0.24730781717906833,0.0009402914061859937,-0.08398600547188043,0.16692394122628823,0.2478829971288305,0.0011190275535763474,-0.05199194936482508,0.15890086675018913,0.21778533137881526,0.05158167394057391,-0.24219975681641337,0.43846098672430633,-0.0028293982407550785,0.0021778394289395917,0.10943956581894683,0.6012969346798085,0.006591998212147105,-0.055,0.0,0.029187072372213137,0.0016072469246302603,0.0,0.32,0.00014953923394435287,0.0007664432891075569,0.0026797074630119967,0.0025499181826004196,0.00015434237130957387,0.0007204663065924265,0.002385962118686184,0.002525262943749707,0.00543707541679835,0.00015191158485185262,0.0009082857653369712,0.0026551053912802756,-0.002335919595528504,0.00015203730106479646,0.0001476040213688739,0.000633594215691608,0.002930394427374266,0.008119584830469902
1.5,0.044604874581746584,-0.002168652346204502,0.16690107060881906,0.2535961702624316,0.004094519265053554,-0.21774129061165579,0.1668685018371686,0.24737434939293107,0.0011603769241000442,-0.08375188157827669,0.16693794123811365,0.24796715457534466,0.0013647455712773398,-0.052205171102188974,0.15891449167298385,0.21784340976533864,0.05185098923098745,-0.2414436406380306,0.4389618861248869,-0.0028349721068378544,0.002180890659095171,0.10943955406173746,0.6013498565789106,0.006607767385718279,-0.055,0.0,0.024607241281987786,0.0015356055639035408,0.0,0.32,0.00012690846948009573,0.0006590551591696938,0.002300086416615052,0.0022297548126125285,0.00013067520256955457,0.0006127686579784175,0.0020248860372459637,0.0021638143054511713,0.004601689321988163,0.00012869515718525338,0.0007777065092888026,0.0022681874736696977,-0.0019426514650332045,0.0001595059507878704,0.00012525469318241543,0.0005309657247687393,0.0024681338603901536,0.007019333142260986
1.6,0.04686668572055057,-0.0020188004962085025,0.16691276534903218,0.25365717113473674,0.004307270815412705,-0.21753380498473607,0.16688053393098873,0.24743086527884328,0.0013469896183227088,-0.08355187038545771,0.16694979392718184,0.24803909031902213,0.0015743722275521662,-0.052382912290388974,0.1589260441212488,0.2178920583514032,0.0520776260272737,-0.2407922314170499,0.4393853142859715,-0.002839711363834546,0.0021845981272375805,0.10943954545450166,0.6013907802223706,0.006623366416703191,-0.055,0.0,0.02073793028223408,0.0014610465428609297,0.0,0.32,0.00010748515771938556,0.0005629438776466524,0.001962138714136523,0.0019238205503249613,0.0001105040493692421,0.0005198982601232308,0.00171543981536595,0.0018433517618931209,0.0038858437911809458,0.00010888589903484341,0.0006636683098774109,0.0019324644735719512,-0.0016226963490162509,0.00015072164994030728,0.00010604319996725098,0.00044465301590261965,0.0020755109594258183,0.006028124077171398
1.7,0.048772539893009906,-0.0018764997979303292,0.16692266285513352,0.2537091564056619,0.00448837873599425,-0.21735559586571185,0.16689070391026642,0.2474787715722991,0.0015049751589130912,-0.08338184395974223,0.16695981696768197,0.24810039634265832,0.0017527757725978143,-0.052531562662538826,0.1589358216814728,0.2179327951360626,0.05226813434782833,-0.24023411887787424,0.4397426252041697,-0.00284375016582715,0.0021882823555097602,0.10943953892670699,0.601423164056618,0.006637684813136333,-0.055,0.0,0.0174715119069307,0.0013847819213301253,0.0,0.32,9.090064155503466e-5,0.0004787263684484062,0.001667030237391888,0.0016455198053733143,9.335708906476753e-5,0.00044030950271014207,0.0014513129426328233,0.0015638246941632227,0.003277085629167328,9.202995089446572e-5,0.0005648686277395496,0.001642856983029683,-0.0013584974746447913,0.00013498757164121262,8.963892844916107e-5,0.00037238122555061895,0.0017441012023114517,0.005153468285412753
1.8,0.05037799699628169,-0.0017418628218506922,0.166931028657014,0.25375329586622086,0.004642027388154396,-0.21720362945881924,0.16689929257295114,0.24751931608181793,0.0016385637475790065,-0.08323782977427709,0.16696828482152315,0.24815252091113493,0.0019043074296701047,-0.05265607696182577,0.15894408735377066,0.2179669143078508,0.05242820187198002,-0.23975777116992522,0.4400438426708089,-0.0028471976474558998,0.002191630641716987,0.10943953383454234,0.6014492340644809,0.006650295589389387,-0.055,0.0,0.01471581086045939,0.0013079509084659457,0.0,0.32,7.679099955846664e-5,0.00040588717847920034,0.0014123894202019765,0.001399225351858435,7.881017485342651e-5,0.00037239914335622954,0.0012265487548806897,0.001322535151958383,0.0027617011697934593,7.771767995750317e-5,0.00047977651619637943,0.0013941697140861554,-0.001138362938445777,0.0001171264595456834,7.569017115172071e-5,0.0003119853857775452,0.0014652954806692075,0.004391647810276276
1.9,0.05173009136043265,-0.001614895259776494,0.1669380930553557,0.2537906791081002,0.004772076967057562,-0.2170746848531744,0.1669065407729523,0.24755358911989256,0.001751415470226276,-0.08311618766274392,0.1669754333072449,0.24819675598682756,0.0020328064431902864,-0.052760425371035764,0.15895106956616167,0.2179955052377141,0.05256268426656373,-0.23935232187521763,0.4402976367237166,-0.002850144115281415,0.0021945229828490734,0.10943952977676683,0.6014704849846827,0.006661120763773141,-0.055,0.0,0.012392179175721583,0.0012315448542470377,0.0,0.32,6.481778389426737e-5,0.0003434126559827098,0.0011943441313131788,0.0011848443260110786,6.64884892560482e-5,0.0003146348813012517,0.0010357194729874483,0.0011157161185123777,0.002326515569913948,6.558584331475699e-5,0.00040681960959439243,0.0011813955501448728,-0.000953998752209362,9.9544239504253e-5,6.386125000947301e-5,0.00026154507131546267,0.001231144137104277,0.0037337893478831923
2.0,0.0528685933804457,-0.0014955121299468472,0.166944054170469,0.2538222840812293,0.004881972113013779,-0.2169656682824819,0.1669126542818215,0.24758253397020566,0.0018466769914908885,-0.0830136723633981,0.16698146419387636,0.2482342387239854,0.0021416280527899035,-0.052847860080359806,0.15895696467148235,0.21801947894647464,0.05267568855879618,-0.23900790882689338,0.4405114196852176,-0.002852665119243761,0.002196937846195622,0.10943952649270758,0.6014879639256784,0.006670251557726682,-0.055,0.0,0.010433700241681,0.001156384863680011,0.0,0.32,5.4676590746953555e-5,0.0002901220719478996,0.001008577245867807,0.001000207159025899,5.606470331650561e-5,0.00026561444148073316,0.0008739883817238221,0.000939327572734845,0.001959615507929137,5.531626978661983e-5,0.0003444861431698112,0.0009998804269478014,-0.0007991791291780722,8.33542913062554e-5,5.384774285284753e-5,0.00021941372485938574,0.001034644887549665,0.003169056135140315
2.1,0.05382709985276788,-0.001383554778129326,0.16694908148867804,0.2538489697145537,0.004974726847554818,-0.21687375195984612,0.1669178083663188,0.24760696118438227,0.0019270409877599824,-0.08292743885519113,0.16698654956093106,0.2482659604401525,0.0022336832300693054,-0.052921082147796616,0.15896194036419453,0.21803959497607853,0.05277067101590909,-0.23871577859821755,0.4406914856492787,-0.002854824292837892,0.0021989014575384772,0.1094395238053322,0.6015024335909092,0.006677852783561352,-0.055,0.0,0.008783562820719041,0.0010831251034419081,0.0,0.32,4.6099138501952054e-5,0.00024483454865362485,0.0008508520633337251,0.0008423084334498766,4.725535558671488e-5,0.0002240869760471696,0.0007371088089535865,0.0007894483662529728,0.0016505595183917484,4.663271387587543e-5,0.0002913768812889224,0.0008454006387854043,-0.0006690184308593253,6.898844239077429e-5,4.538102133615108e-5,0.0001842040835870082,0.0008697790739881068,0.0026863013667362385
2.2,0.054633970805937015,-0.0012788068822114325,0.16695331943163633,0.2538714803647604,0.005052946395713708,-0.21679642238339533,0.1669221519597742,0.24762756391685076,0.0019948036325047667,-0.08285502017693312,0.1669908357962597,0.24829277918060563,0.002311483237961815,-0.05298235311116913,0.1589661392674223,0.218056485863604,0.05285053253377755,-0.23846827126162798,0.4408431576855289,-0.0028566754490379426,0.0022004607762365442,0.10943952158908322,0.6015144684173942,0.006684112928942667,-0.055,0.0,0.0073936173290598765,0.0010122677820610963,0.0,0.32,3.885203592264818e-5,0.00020644786115630513,0.0007172543368609193,0.000707940523851343,3.9816477827279825e-5,0.0001889545983963436,0.0006213899927145063,0.0006624572779219038,0.0013903534834052624,3.929688521866449e-5,0.00024622767402707554,0.0007141864819428984,-0.0005595606836179785,5.652805727445852e-5,3.822779736419974e-5,0.00015475783024061857,0.0007314417798146717,0.0022748939623023373
2.3,0.05531313096234472,-0.0011810086960466902,0.16695689071420003,0.2538904555634842,0.005118864951070417,-0.21673148305161266,0.1669258113841799,0.24764493285511346,0.0020519177867347337,-0.08279429325195727,0.16699444718136983,0.24831543360969424,0.0023771848200180184,-0.05303357483834395,0.15896968234542574,0.21807067835486185,0.05291770478721172,-0.23825874719648477,0.4409709268856476,-0.0028582642017938318,0.0022016693465656554,0.1094395197513696,0.60152451290062,0.006689218958985584,-0.055,0.0,0.006223110704148242,0.0009441825391512344,0.0,0.32,3.273399803624825e-5,0.0001739705944561979,0.0006042852340328265,0.0005940056041544749,3.3539056479966115e-5,0.00015926396128124797,0.0005236475152941272,0.000555103691569571,0.0011713273431516009,3.3104240754583235e-5,0.0002079150103591161,0.0006029140869404421,-0.00046753723970003534,4.588265076251059e-5,3.218744670794171e-5,0.00013011202880425538,0.0006153344865088418,0.0019250974423168931
2.4,0.05588475314095058,-0.0010898692976856997,0.16695989938836533,0.2539064416390542,0.005174388485195564,-0.21667703538277389,0.1669288936244833,0.2476595700504267,0.002100040904541188,-0.08274344082920444,0.16699748905864703,0.2483345569312291,0.0024326335870994815,-0.053076350103855724,0.1589726719985133,0.21808261133692794,0.0529742251774348,-0.23808148927998066,0.44107857706667736,-0.0028596292657828205,0.0022025801329899133,0.1094395182216489,0.6015329182525028,0.006693344410386995,-0.055,0.0,0.005237587963157683,0.0008791265460836627,0.0,0.32,2.7572465556138955e-5,0.0001465301783247795,0.0005088779732664676,0.0004976575706819016,2.8244653425917154e-5,0.000134193346997456,0.00044114840558524306,0.00046452089155404723,0.0009869788488251375,2.7879869863193342e-5,0.00017545199204554106,0.0005086793575668221,-0.00039021447634748793,3.688547717577307e-5,2.708850570048649e-5,0.00010946757181999412,0.0005178517076308583,0.0016282082712978441
2.5,0.056365839508180374,-0.0010050768722265227,0.1669624335417006,0.25391990347100335,0.005221137128326327,-0.2166314503862077,0.16693148918024434,0.2476719013641283,0.0021405774278693435,-0.08270091371562918,0.16700005059949305,0.2483506901224699,0.002479404285116035,-0.053112030642206036,0.15897519479709032,0.21809265080095802,0.05302180074757295,-0.2379315983029174,0.44116929357796236,-0.002860803523890765,0.002203242125823548,0.10943951694477844,0.6015399663667681,0.006696644557049491,-0.055,0.0,0.004407944858644532,0.0008172635157426289,0.0,0.32,2.3220134537951642e-5,0.0001233689603047364,0.0004283772753056751,0.0004163547177430426,2.3781350733125128e-5,0.00011303824523533467,0.0003715564855199293,0.0003882103372072078,0.0008318152107311962,2.3474646996721382e-5,0.00014797920259860173,0.0004289627956445581,-0.0003252908606689158,2.93439259563565e-5,2.278504690740809e-5,9.216147718314273e-5,0.00043597504999041004,0.0013765667244047294
2.6,0.056770714953208484,-0.0009263071840668443,0.16696456765556128,0.2539312355407521,0.005260484555139233,-0.216593337621148,0.1669336745311685,0.24768228746586834,0.0021747158572658428,-0.08266539535726032,0.1670022072047741,0.24836429411741281,0.0025188373276149824,-0.053141756441594516,0.1589773238594958,0.21810110224575918,0.0530618620998337,-0.23780489092872625,0.4412457567744554,-0.0028618149175775615,0.002203698962838792,0.10943951587681039,0.601545886137192,0.006699255262176794,-0.055,0.0,0.003709614920152291,0.0007586808270424076,0.0,0.32,1.9551651152671696e-5,0.00010383482881438885,0.0003605024776676116,0.00034786648461279884,2.002008995496598e-5,9.519699745209964e-5,0.00031288087421061457,0.00032401226035689337,0.0007012061306211573,1.976173309291022e-5,0.00012475316736478386,0.0003615906781123988,-0.0002708222055593753,2.3065339423811147e-5,1.9153226991090957e-5,7.764338687822283e-5,0.0003671795754440075,0.001163502759002191
2.7,0.05711144519958695,-0.0008532304433227334,0.1669663646463639,0.2539407719238097,0.005293593347361711,-0.21656151475230892,0.1669355142571879,0.2476910334349756,0.0022034608923617717,-0.08263576967753643,0.1670040225741428,0.2483757607860512,0.002552071409195437,-0.05316648848396012,0.15897912089991145,0.2181082209304325,0.05309560861148313,-0.2376978047915639,0.44131022159092687,-0.002862687196361194,0.0022039886081105958,0.1094395149822179,0.6015508650112851,0.0067012936779380075,-0.055,0.0,0.0031218744777198578,0.0007034045018381927,0.0,0.32,1.646058960431106e-5,8.736982353340472e-5,0.00030330522863790063,0.0002902575567934657,1.6851423491360705e-5,8.015730385707927e-5,0.0002634290176157191,0.00027007092344760134,0.0005912531825312149,1.6633452684776754e-5,0.00010513401621531543,0.00030469591887462456,-0.00022516402814407323,1.7869503346753063e-5,1.608814442054835e-5,6.545597999201015e-5,0.0003093533781962269,0.0009832515843792044
2.8,0.057398190673039945,-0.0007855167821539388,0.1669678776207919,0.2539487951206435,0.005321446100391427,-0.21653497927684634,0.16693706285388035,0.24769839707183922,0.002227661124266965,-0.08261109245862379,0.1670055504817745,0.2483854226813631,0.002580072275165594,-0.05318703631634908,0.15898063798087533,0.2181142203427492,0.05312404623988072,-0.2376073127080226,0.4413645849187224,-0.00286344055191957,0.0022041435643574045,0.10943951423198578,0.6015550574618032,0.006702859798282108,-0.055,0.0,0.0026272503123758537,0.0006514120460943505,0.0,0.32,1.385675607942123e-5,7.349850091980347e-5,0.0002551273014196905,0.00024186182773538656,1.4182666383683178e-5,6.748395213127228e-5,0.00022176472774344726,0.00022479903594073436,0.0004986764314345605,1.3998542472848589e-5,8.857329219621232e-5,0.0002566805723380349,-0.00018692510901347607,1.3593962421696444e-5,1.3501083796711621e-5,5.521878059078598e-5,0.00026072958167900934,0.0008308581459741845
2.9,0.057639505677650756,-0.0007228405480075564,0.16696915137782345,0.2539555437504096,0.005344872435480658,-0.2165128830681582,0.16693836628192307,0.24770459604885867,0.0022480327833507402,-0.08259056621882259,0.16700683629469545,0.24839356159775186,0.002603657871064749,-0.05320408139596035,0.15898191900654787,0.2181192791969991,0.053148019089260194,-0.2375308465328179,0.44141044247093175,-0.002864092155932009,0.002204191333565618,0.10943951360224197,0.6015585913846206,0.006704038332725406,-0.055,0.0,0.0022110159708055633,0.0006026433011129397,0.0,0.32,1.1663819519493898e-5,6.181692062557318e-5,0.00021456117397917224,0.00020125288828014932,1.1935419953307264e-5,5.680788625287437e-5,0.00018667122255585224,0.00018684368826256593,0.0004207173408152264,1.1779749966096644e-5,7.460243496993542e-5,0.0002161810510332379,-0.0001549290060218151,1.0095531774833363e-5,1.1317093476647941e-5,4.661484748954052e-5,0.00021982931799176223,0.0007020810112321309
3.0,0.057844124413887116,-0.0006632998416500735,0.16849742824897054,0.25415303867686223,0.0053045439125157705,-0.21646292582641655,0.16846314742949803,0.24790120626669288,0.002205207044317295,-0.08255994012686584,0.16851441279282442,0.24858883013016686,0.002565825185195344,-0.05321389818261853,0.16009601370886517,0.21825056505837429,0.05314558301694157,-0.23748663905514533,0.44144462269051105,-0.002508952720773663,0.0022213881453924515,0.10973580917451058,0.6015278537910523,0.006703933503891922,-0.055,0.0,0.01108273439163582,0.016299622625876354,9.95860644452226e-7,0.32,10.294130970713804,3.084087793366236,-0.6577289527703226,0.31265955073468993,10.27202500203645,3.0754398336478768,-0.6560750778095394,0.13466909130863897,-0.04434489794983461,10.146644717206314,3.03520540289655,-0.6327645961332724,0.04135457372607411,-0.03973325498680803,7.436588491880153,2.122959741438624,-0.26097961100039063,-0.20492095830486995
3.1,0.127094138435709,-0.022535028051992707,0.40846797910646737,0.604781227872025,0.2122762159144438,-0.1644474171521608,0.4166731816828021,0.5982546942979491,0.20088496971687164,-0.09862898352053107,0.3845286700872885,0.5748432868410449,0.2158723562698601,0.028996091560267806,0.21895695406913354,0.32109788229818526,0.2012836258078199,-0.2257591233639601,0.5350328413638179,0.026552472245157506,0.08304529796233104,0.1054785747798153,0.8740645732687905,0.1592666962615699,-0.055040504215158804,2.292831571815404e-6,1.4923085520964177,-0.21357165395330766,0.002755554926490767,0.32000374966309014,1.0132724412040792,1.5976516619400758,1.2918541043406409,0.679372825300535,1.2148851212526908,1.6773454592152606,1.1080474956892028,-0.08320932549524186,0.5330709607665264,0.8355142995972974,1.4304569292074243,1.2546096246865186,0.8345338282843697,1.9915196345474304,0.18527573395897073,0.317493842553895,0.41639069610016893,0.7847845798434931
3.2,0.27390515708846574,-0.056397532187167254,0.44982071107890836,0.6834723228255474,0.3216723049933451,-0.12862047174071148,0.483554926450006,0.6876366865138818,0.28863747366394044,-0.13537097462143294,0.4094503652188735,0.6360971057137799,0.3169955855543896,0.1380567802510963,0.21869796741332678,0.32567205979705444,0.2135999697163972,-0.11911909855467454,0.5869369960310522,0.019887745713490272,0.10590624479113828,0.0652446855838096,0.9659035482167562,0.34724745163553505,-0.061982340619634445,0.0007409359999101128,1.6220069208245587,-0.4261606780292094,0.007545586187894635,0.3208782541807712,0.21696673118228885,0.39465842601413387,0.36975604448758037,0.13011747587309078,0.5204193437598148,0.5240232037008001,0.1079240991745744,-0.5213702982631827,0.29541001666305383,0.029161361655922147,0.1920756416509716,0.2666561393264675,1.1785530028879059,1.8860399303212865,-0.12047817270429388,-0.14039976722872294,-0.209864434902683,1.4555400704277697
3.3,0.3987537214135883,-0.09988708423104738,0.4351891308339971,0.6788508495174206,0.3923412254167863,-0.12570958715586703,0.5013088455792987,0.7025152567242541,0.3287950178633398,-0.18732150138438272,0.37646694348305404,0.6139588702251283,0.37635677589200917,0.24708540119102332,0.1905351870751462,0.291202685089597,0.19554160084052377,-0.01417435416464648,0.6494751810381888,0.006514755398000333,0.09878046815276076,0.02986191122841592,0.9931415282147368,0.5050938905801907,-0.07412083189189692,0.0023576717323949316,-0.1763667010816703,-0.30119707389556194,0.012813357421016566,0.3218174008345611,-1.1938185306915163,-0.9047385651481314,3.0773859556174203,0.09905876069130173,-0.8542933484370111,-0.6691582047060504,2.8323595245809403,-0.42847168790946283,1.3529516379516355,-1.1716816357449127,-0.9483291841919202,2.915586474321855,1.0457847120129875,0.6220459511729423,-0.33302504914835734,-0.17382626685413244,0.7552746976688398,-0.5434264867285019
3.4,0.39734142263756805,-0.09812846959713062,0.3282608996851497,0.5887802846416356,0.6232820183921074,-0.03698551391267467,0.44320186746529083,0.6497986720276809,0.5316103089700451,-0.14879717105686974,0.2993849221722882,0.5473059702381402,0.5851396698445561,0.2496884876538714,0.16112813536722165,0.28650140596762375,0.28910795721861465,-0.06232506886709962,0.6857269440037236,-0.00437766661304653,0.07158861903275061,0.03644644254105476,1.0605584329188422,0.5753275072635655,-0.08566183046686131,0.003922250052752001,-0.0068727404262707275,0.03429692101324506,0.020818760036184988,0.32185518653771433,-1.0725227986950283,-0.9722979044912885,2.007867511270317,0.9248478319629184,-0.46370039433880683,-0.5069079075738933,1.6329742206020557,0.39713559664843506,-0.0004680648485867328,-0.6370016373782226,-0.6014182582182825,1.6870539720022626,0.0008858077057094043,0.5785505208710515,-0.37324616107626174,-0.11021281031515456,1.118788310795595,-0.3126954225972255
3.5,0.3975962944666294,-0.09813452811499863,0.24647630420771616,0.5045866450782346,0.7818814893755236,0.03552849263311375,0.4098274573182836,0.6110169700719841,0.6590806351174501,-0.1208890817126971,0.25301551975925113,0.4977758995399949,0.7176691771041042,0.24973716928286255,0.12501831746749356,0.2732453339704444,0.38724206405883055,-0.08508979641961936,0.6856220126164799,-0.014696811825952574,0.04072949526293196,0.031113219062654025,1.10735417322399,0.6114498492384126,-0.09430068047929303,0.004054269973342212,-0.004951314588934519,-0.04088582510187104,0.028021888738872812,0.32269683262841875,-0.15290314124512783,-0.39475224578630663,0.8681103472078628,0.27708120796043184,-0.18051353647954424,-0.24021352404051993,0.952168015899695,0.14778671403735952,-0.0027296311314670813,-0.25051415160606555,-0.3401714257631323,0.975409770025325,0.001504764416618007,0.06973743758335176,-0.2582852767302406,-0.04875411230708872,0.7965048867484457,-0.16792798015794444
3.6,0.3950381417572555,-0.10440175686468034,0.19272451084152215,0.4424919362269498,0.8933842744563293,0.07880485169084739,0.39257356648396297,0.5908123948772087,0.7432241055007609,-0.11588572534924227,0.23051556127947218,0.46788240787889046,0.8028632009643164,0.2500770240711839,0.09988733739018034,0.2794348424042296,0.4695896799334322,-0.09003066251782064,0.6700818919823043,-0.003680141655559753,0.03556163763432926,0.044082925065444485,1.1219081134022164,0.6183051519994903,-0.09088810843567081,0.0011504820049579884,-0.01677253675623069,-0.06700279250710063,0.03451363726100793,0.3185189961946656,-0.8320717723819316,-0.7985244733811494,1.2456277287817372,0.6360471644046343,-0.06182209611944807,-0.09644275023819121,0.6227175735383461,-0.006709873667559391,-0.5437165715074319,-0.21386527429978236,-0.2502074845015743,0.7197186151319872,-0.0025910446357989454,-0.023900156168286564,-9.708363168748976e-5,0.03546738661980974,1.0611063526275528,0.24662199409636668
3.7,0.39450524221329053,-0.10601471287118931,0.13690772137095447,0.3818468728348266,0.9828951303436373,0.14037275555277606,0.39721469591974956,0.5914533709285356,0.7860457960115946,-0.10954074753759149,0.22232360598668754,0.45540986503545944,0.8554300676945585,0.24973134172173686,0.09989124217944849,0.27342922715667395,0.5610473887676166,-0.06732014648616892,0.6242078354803945,0.07072309964045101,0.095710865677314,0.06133596941657391,1.12190482196104,0.5725478882852367,-0.08806490545290543,0.0013387215169406933,-0.0071782730634254825,5.5161607756615124e-5,0.04015363274141408,0.31591536006149756,-0.31018292474363834,-0.43422094326105515,0.6196625729660591,0.5111739029550991,0.1249980917722509,0.08835962020703068,0.28619012689720247,0.05939721435547705,-0.45939531912775905,0.01689097108213718,-0.0287116031019005,0.37651925095182204,0.0004656265381804245,-0.5043465650342049,6.829646198566092e-6,-0.07970719846287554,0.8450007926881399,0.2666809812596198
3.8,0.39347857635385075,-0.10711084777789442,0.10766469895366547,0.3410784097547809,1.0391342565863186,0.18893195693149165,0.4135461758898178,0.604500208494428,0.8064291820382358,-0.11036242826555594,0.2293260953748234,0.45871146471146174,0.8828446041371801,0.2497439853261889,0.09988251784202047,0.26634985540646555,0.6456348437622308,-0.028617495368580447,0.5709805754696968,0.12731417637641979,0.1476021490991216,0.06958407863737812,1.1218674515568996,0.5324008783465192,-0.08639620621679353,0.0004436707089620583,-0.011128646799436773,-0.013366694323108821,0.045079765882834515,0.3143636818425907,-0.3125601517865309,-0.4039914579815245,0.5307355323580258,0.5101998754950626,0.19341476401530744,0.16601966738735138,0.13138549879304,-0.05763864527371719,-0.5751540752725253,0.11505746054492977,0.08649952188529762,0.18601918506987664,-0.0005407399150280594,-0.3517915132470236,-0.0001366160524034312,-0.09262157243128351,0.8335378511086908,0.49153115375180495
3.9,0.39244306162522613,-0.10791089331536953,0.09990804029925196,0.29257047404808817,1.0873211245112766,0.2454945178002709,0.4354894213222591,0.6246250319393396,0.8131182934968662,-0.1182221516899822,0.24446328304964685,0.471727053319888,0.8945862012850526,0.24967940018110826,0.09987047432230796,0.25176508288046845,0.7257679942832493,0.02825830461892803,0.5134750964747478,0.1682133580411668,0.18908310045310875,0.07241104428549883,1.1218370853338229,0.5008933886215435,-0.08464722919155865,-0.00025552093018607294,-0.009568562845679517,-0.002659958718605306,0.0493324118111534,0.3130007000773087,-0.000127620682213163,-0.5185783682846118,0.44691738333819625,0.6143650594077049,0.2357226840168178,0.2276986359051684,0.015336637241543402,-0.10339192830956245,-0.5654508846724533,0.181689408615451,0.16713666970716926,0.05834357384089134,-0.0006279307618499289,-0.2694576403919213,-0.00010618724390978578,-0.20320896529984978,0.7655989696018083,0.6374340756350806
4.0,0.3913794375227332,-0.11288987773291291,0.09989566847714414,0.24486500643316692,1.131136073637389,0.24947233585038125,0.45554693863157003,0.6449284037896795,0.8156229105556824,-0.14469201962270772,0.26334685720406237,0.4889380802028379,0.8960511625934817,0.24979455650884916,0.09986731871351798,0.22334413277266651,0.7952610964510272,0.09713818811023787,0.46660307060634687,0.19480128957850898,0.2182709261844439,0.06845877533337809,1.1218012218507358,0.4768091349962963,-0.08317113577579606,-0.0008761399403172266,-0.008987074068002223,-0.05063812519063798,0.05293798314720205,0.31229562626330226,-2.1874433645968897e-5,-0.42333182123805196,0.3927047424801855,0.0003203787129820065,0.19189801293563455,0.1990024445044707,0.010284573198422102,-0.2823524659332266,-0.4439777465943888,0.20108569576414131,0.18863434944893784,-0.019889541718237033,-5.260382115803433e-5,-0.15983702941461195,5.870116137891544e-5,-0.3181702380142433,0.6401456771826413,0.7216501433193382
4.1,0.39104481047278217,-0.11786679590594742,0.09989713891373915,0.20260388852153732,1.1681048015818043,0.2495044308117229,0.47393280317734915,0.6644085023609002,0.8149695438758339,-0.17387111024961593,0.2843351623193523,0.5089132885433767,0.8909525235749045,0.24978715316288294,0.09990187324984354,0.19193661617197347,0.8497735977912576,0.16577463316188448,0.4271509896705695,0.20964442552089838,0.23701802915491135,0.06262405199262286,1.1217691598890014,0.4625932833220142,-0.0827872908354076,-0.001574805871603799,-0.0037344119277843858,-0.04626071775995316,0.05596148073241876,0.31153698014645775,-0.0001914473639679913,-0.4296962292294441,0.3585340550722268,0.0011433336287124635,0.16635104169074152,0.18279456571328065,-0.008560189529573914,-0.2943420894113626,-0.2908828364133051,0.21185485595904097,0.20429533276702114,-0.06782018725662238,-0.0002562940842501871,-0.17663039668873876,0.00020184056204124807,-0.2705199889630885,0.4043167504106139,0.5392251219273663
4.2,0.39004582088890427,-0.12178922549421783,0.0998792535239816,0.15799369928290247,1.2048366358300664,0.2495854724670738,0.488832516765178,0.681609310806873,0.8150657370045756,-0.20312660972163088,0.30533817043196537,0.5298922728386969,0.8837953682413616,0.24976990087575568,0.09991065600893012,0.16345233292564867,0.8873941744402777,0.21804391898511238,0.40108666971343493,0.22876207751213662,0.25969802143933357,0.056552172062571016,1.1217523563624594,0.44299321875192044,-0.08168532938797082,-0.001913660198193738,-0.007801079514624741,-0.03479349633182319,0.0585219697222735,0.3107870190444937,0.0001759659266205136,-0.43626151841374955,0.34934536720057147,-0.00013711952367920194,0.1407526281978542,0.1675381663285875,-0.005309563493185463,-0.28952534759026216,-0.24920211582158575,0.21323518463972602,0.21832263174087557,-0.0886262709385218,-0.0003952638339923615,-0.16212853885313167,0.00016407824070088523,-0.28344847254444466,0.3405456565951725,0.5204699633850717
4.3,0.3891591623365786,-0.12477647940344176,0.0998837524149006,0.11437078129632607,1.238281511035348,0.2495941947340158,0.5011029717604677,0.6966989120538771,0.8151611303612268,-0.2309818261916119,0.3253814340284777,0.550669650318463,0.8752727607350906,0.2497621771372577,0.09991947924856479,0.13768458834418687,0.9123972101462466,0.24944608380768082,0.38716273218862757,0.2426712723454302,0.27753060015566505,0.050993255325422183,1.1217327006352993,0.42815396052157373,-0.080676527278301,-0.002415060213993347,-0.0055361811183869914,-0.02837208284516251,0.060658570527431635,0.3099397447068105,0.00010527957454084058,-0.4646633659678015,0.3317656296638225,-0.0001828265244191104,0.09989776578137648,0.12727186436509463,0.006785687701791541,-0.2720112320286049,0.03115562006675112,0.17702053745011906,0.18521804945888123,-0.07766451448432313,0.00017640555863662578,-0.13547058925841104,-3.8879373854676524e-5,-0.23289979289037369,0.13393355275347324,0.002008883661523038
4.4,0.3889658601869647,-0.12735704243268126,0.09987097955713864,0.09987077620131003,1.2541164581658324,0.2495964635712584,0.5120142653997897,0.7104738238274261,0.8133201566601236,-0.24919320146950555,0.3425092793456694,0.5689634150105118,0.8669431388520987,0.24969790612017095,0.0999332329066176,0.1178073648736328,0.9231336281474044,0.2494993650148152,0.39000670847611313,0.25290353235589724,0.29182959930885793,0.04648056288624567,1.1207222783109378,0.4164502278219354,-0.08053424705515688,-0.0026550332224061206,-0.0016993067059953679,-0.011196598062396609,0.062367531264177246,0.3094192221665335,0.0002404331407451818,0.000330904636445821,0.062337259022987604,-0.00010767658316067774,0.11209609743914761,0.1405043532832834,-0.029676855116725704,3.6128754343767095e-5,0.013470175291214245,0.15691020059537333,0.17494100083145944,-0.07335787299690416,-0.0005308348613669458,-0.08821713876027465,0.00020103901403850595,-0.16660042191964203,0.0915245592649957,-0.0005249304664428821
4.5,0.3885383373620959,-0.12765268354564102,0.09988572549030372,0.0998943022515789,1.2591709575641028,0.24959610383784833,0.5226505947701231,0.7241879711564428,0.8103599287641821,-0.2491953579682972,0.3572642501013891,0.5858552803938049,0.8602583139144189,0.24965369415561928,0.09994892243431716,0.10345649486905313,0.9311744428995049,0.24947093659058392,0.3907293756813828,0.25904245352935457,0.3030610910815646,0.04392408679399137,1.1205190830166605,0.4095501122547369,-0.0806954194376019,-0.002465107632128589,-0.009013776494336496,0.0014753727484272002,0.06382048199798293,0.3094992665166844,2.035631734730165e-5,2.714708125440558e-5,0.04702967016669191,0.0001547167183564807,0.09703805698458799,0.1297542969899601,-0.02367686176622713,-0.00021601173280621139,0.003002960864555804,0.13587954412083417,0.15977099592602736,-0.05662781752109441,-0.00019534397258428687,-0.05801116352468174,0.00010510685946935267,-0.12188715362415398,0.07337381888731886,-7.447582278196349e-6
4.6,0.38659418511065186,-0.1275145059929423,0.09988775897558635,0.09989419607751214,1.2648397936542484,0.24960666620819652,0.5309040661135622,0.7359686676169666,0.809745120647014,-0.24921853767148408,0.3698991499689571,0.6010758503218533,0.8559100563064468,0.24963271823342198,0.09994653678353094,0.09997092444686358,0.935348159777653,0.24949294953739437,0.39134826798086353,0.26390294176147416,0.31277338620202916,0.042495272371490964,1.1211842517170791,0.4031175138768646,-0.0805447050974331,-0.002439489454184136,-0.029719114099593446,0.0013092181604080575,0.06511389864403522,0.3094392119352363,5.416078293346245e-5,5.2402352690950566e-5,0.06572294230001219,1.369741921215672e-5,0.06760507322857809,0.10513748081764865,0.01206574187020167,-0.00018410155259807937,0.009413049940623409,0.11405293590246492,0.14187774804474002,-0.027167123306240243,-0.00023284568815345224,-0.06514105486311657,3.091970032805729e-5,5.938639213332625e-5,0.03616782721883811,0.0002639424285543667
4.7,0.38260198617398566,-0.12725066750922864,0.09989436351006784,0.09990253887600085,1.2721487178162467,0.24960384109747047,0.53619017144305,0.7452111739997735,0.8128330162472566,-0.2492322580294158,0.37987043316215746,0.6140121704077514,0.8551554576595414,0.24960488839988076,0.09994988078253529,0.09997612512322744,0.9402886449467723,0.2495075426588414,0.3923591344962993,0.2674076224085601,0.3205404782705136,0.04389873785488919,1.1217498576484404,0.39679942769790927,-0.08019535342455487,-0.0024056695639475896,-0.04891563002242406,0.00416200761743331,0.06631085017413627,0.30953279740581624,5.5023187078693504e-5,7.057578277229256e-5,0.07932157802858503,-4.883329173022642e-5,0.03952006618787781,0.08087152326274975,0.04762754231566417,-0.0001114872504478944,0.01023914002802857,0.08660105206309313,0.11787142606986159,0.01000899466945513,-0.0003044554718588441,-0.06267670207902683,4.0939053276187006e-5,4.903177292988493e-5,0.06114114960831776,4.2245932413934135e-5
4.8,0.37714221159915845,-0.1267487288986064,0.0998984311179456,0.09990729490450434,1.2804678791167212,0.24959712742687565,0.5391250666549315,0.7523798251109609,0.8187226106759535,-0.2492427180026654,0.3874876579702309,0.6248555818937607,0.8573479859467648,0.24957436613984074,0.09995339268529768,0.09997996157756804,0.9471099721676612,0.24951039077345935,0.39341273107788655,0.27023472457679065,0.32703716237909924,0.04822479919785668,1.1217607835009324,0.39034530144566393,-0.07977890252501568,-0.002333674091589723,-0.05928980265802051,0.005567372439515876,0.06742581145557795,0.309703911099969,3.256437970360046e-5,3.6056389348193146e-5,0.08643060035886811,-8.530893418899743e-5,0.020116350537366275,0.0631181123147153,0.06861985403759126,-9.565237739721703e-5,0.011137924460233017,0.06649653797805642,0.0994912978609769,0.03227251426027292,-0.000305127072936356,-0.06627607709782694,2.4522603022173784e-5,2.6293750928826022e-5,0.07397010286516842,3.683251915805869e-5
4.9,0.37082513842182047,-0.12616052775703382,0.0999014611307664,0.09991072727687313,1.2893882335767548,0.24958666334677848,0.5403099355347537,0.7578946789672646,0.8264383025203148,-0.24925113396057288,0.39324830683339873,0.6339576741135495,0.8614918786467948,0.24954369772269047,0.0999549372737544,0.09998170033480358,0.9550034569391102,0.2495148157973718,0.3945991875041858,0.2728724500623091,0.3327645720872952,0.053744924516244505,1.1217719300994042,0.3836654991542832,-0.07927875545223978,-0.0022566984005683234,-0.06672007197628013,0.006146245060688863,0.0684628174460487,0.30990263981390187,2.8001195935780423e-5,3.176780095877773e-5,0.09172989812057342,-0.0001233680910545342,0.00404552622081833,0.047504794487137715,0.0851604913716787,-7.264855508710475e-5,0.012532362413635378,0.04911870361611381,0.0828347361634381,0.05007755432195649,-0.00030885824827485534,-0.06697354632641792,8.817960995727367e-6,1.0120443213663737e-5,0.08358628048740428,4.353278128672261e-5
5.0,0.3638892976507461,-0.1255306705752304,0.09990398306381247,0.09991349952869297,1.2987357987593142,0.2495727413959352,0.5400512483960207,0.7619681744137591,0.8355977280794892,-0.2492573472183217,0.397414699421429,0.6415020047518164,0.8672070339948974,0.24951266106014333,0.09995545805366576,0.099982184788387,0.9637158829728057,0.24951817891260683,0.3959109801865095,0.2752682558209645,0.33770984243897006,0.06016825879582473,1.1217828626439905,0.37696967573479767,-0.0787213767091084,-0.0021755100999488043,-0.07152562564005134,0.006397553984111459,0.06943366305047431,0.3101243493898307,2.2541853446142035e-5,2.3995658324331138e-5,0.09480174130719288,-0.00015331658471156876,-0.008621211750769285,0.03441856695597439,0.09719687382779821,-5.2256859071472436e-5,0.01367739741356659,0.03474453034246845,0.06847459560506508,0.06339462018425593,-0.00031100611323359016,-0.06685397420794377,2.1327610976442198e-6,1.6284811289575427e-7,0.09004228691541315,2.3201792195843762e-5
5.1,0.3565954599507613,-0.12488887353679111,0.09990600193436101,0.09991560806962649,1.308281714057647,0.24955631512861495,0.538687857911059,0.7648563974914088,0.8457418752055899,-0.24926171803357697,0.40029044940739505,0.6477276173602297,0.8740343958917374,0.24948166620535184,0.09995539931034099,0.09998181444565245,0.9729125251046014,0.2495197156156361,0.3973287040271437,0.2775101411792261,0.34201278749178704,0.06716264284041795,1.1217932599432603,0.37032367639027436,-0.07813531995264802,-0.0020897955566491575,-0.07406169489851194,0.006409098531575431,0.07034504850325286,0.3103574305721037,1.796635059655596e-5,1.8328005174951133e-5,0.09586569230697053,-0.00017400403844487937,-0.018217212532571556,0.023677817767226984,0.1051496885896446,-3.580044620022298e-5,0.014646002574972193,0.023177399609096174,0.056365893410111015,0.0726098454971595,-0.00030820935238613215,-0.06592706055402982,-3.235495412347758e-6,-7.229844285506841e-6,0.09351203110352913,9.161993556331743e-6
5.2,0.3491250707409926,-0.12425387837419906,0.09990760996970122,0.09991719552249359,1.317867522595301,0.2495381161949967,0.5364839133890973,0.7667636788210239,0.8565358476706529,-0.24926460765764322,0.40212291108027476,0.6528361128466746,0.8816354116431945,0.24945110807821733,0.0999548541956474,0.09998080474285846,0.9823550201528709,0.24952020103789377,0.39883461755648575,0.2796323784541635,0.34576674623763864,0.07450277556812122,1.1218031256427905,0.36380445205111583,-0.07753291559514552,-0.00200229368773083,-0.07514000948743983,0.006270603150995859,0.07120284845824291,0.31059383987534267,1.4411343457924007e-5,1.3663570543202902e-5,0.09566981087051823,-0.0001892563105761762,-0.025517617695179413,0.014743849132601572,0.11032467006064045,-2.2352380079171988e-5,0.015445338436055757,0.013811064025595968,0.04608831192327523,0.07899563468912676,-0.0003026942829536832,-0.06438053152819687,-7.4298133318005475e-6,-1.2619933777207476e-5,0.09506367980815401,7.77353103738499e-7
5.3,0.34160995045573367,-0.12363119492263118,0.09991004637388073,0.09991945582595207,1.3273575909066386,0.24951719242434528,0.5336567205990154,0.7678672317482359,0.8677184968766029,-0.249265629550657,0.40312170735780933,0.6570070660697103,0.8897476939177001,0.24942061582428462,0.09995390434654863,0.09997935224749019,0.9918743197270586,0.24952081933340023,0.4004015228977792,0.2816550737670905,0.3490470161732014,0.08203056711482665,1.1218123844237977,0.35747524647511686,-0.07692303972723508,-0.0019154239801234222,-0.07472779393128882,0.006401038741460604,0.0720121656186602,0.3108269459502774,2.7035436387970777e-5,2.015972614605583e-5,0.0931218466787331,-0.00021811725947053283,-0.03037477953849072,0.007940442125429967,0.11238605607298839,-3.917541758980295e-6,0.015474911962167525,0.006712779225886128,0.03784818832391285,0.08246630942544235,-0.0003003635427477231,-0.06159556298662243,-1.6151331318928525e-5,-1.8517550942857964e-5,0.0949950167754374,4.323893837007955e-5
5.4,0.33415934837077793,-0.1230281468336387,0.09991126625727782,0.09991989511404224,1.3366170674182511,0.2494966728832363,0.5303950562096656,0.7683273891838162,0.8790575318333523,-0.24926653485237107,0.40345828371368747,0.6603889384010133,0.8981564757639446,0.2493921228931972,0.09995172045646958,0.09997701308909103,1.0013603531301256,0.24952639345010766,0.4020090076979979,0.28360138740442986,0.3519148263107177,0.08960691970400542,1.1218206972197768,0.35138556166572493,-0.07629170648951367,-0.001841242580791883,-0.0743252028913227,0.005728105537810497,0.0727764224213567,0.31103592394076013,2.368465532956202e-5,1.8888158069983842e-5,0.09197165621335035,-0.00022323853421891626,-0.03473560781121269,0.0014010750513877939,0.11439223153342787,3.849928359190776e-6,0.016640474735515023,0.00016713465394219989,0.029954311051307227,0.08571430308029936,-0.00028949666715917625,-0.05996674328940038,-1.9560241796159794e-5,-2.2092836526890765e-5,0.09474190076610207,3.6468340415719644e-5
5.5,0.32679490307734343,-0.12245300555029248,0.09991355858884657,0.0999216404736334,1.3456446268176787,0.24947425407270513,0.5267917362756183,0.7682260773392804,0.890486989791465,-0.24926564360563758,0.4032338880343733,0.6630740554126486,0.9067906858958669,0.2493635296376751,0.09994985855480726,0.0999748265164572,1.0107703617876187,0.24952920518863653,0.4036612205173116,0.28544155391264403,0.35436846247039566,0.09719212395067624,1.121828686624474,0.34556423346507203,-0.07567229089617823,-0.0017648022546282152,-0.07284760585686122,0.0056934398082752104,0.07350110087548116,0.3112458467328878,1.6092048866566702e-5,9.047621468408014e-6,0.08866132283585927,-0.00021766753123552392,-0.037138184801873864,-0.0032665274653050904,0.11396387647119255,9.633369237294642e-6,0.01649020245500431,-0.004444529052092664,0.023931267362621213,0.08669411282440002,-0.00027790600423141726,-0.056844804512891506,-1.9928234273629924e-5,-2.3539600193715714e-5,0.09323443299444384,2.8241909291837978e-5
5.6,0.3195962578224673,-0.12189911173107247,0.0999152376223475,0.09992264070972708,1.3543662661645066,0.24945233252876758,0.5229916983059766,0.76769627668539,0.9018320007053799,-0.2492642584032354,0.40259953108748153,0.6652032030863301,0.9154698079710822,0.2493361173858016,0.09994791142062895,0.09997248551491522,1.0199861407765067,0.24953140831221066,0.40532310652545844,0.28725605287950623,0.3565370647081578,0.10468960644965684,1.1218359113594552,0.3399842913120091,-0.07506595744491679,-0.0016891941034539782,-0.07104525482558953,0.005431926933344961,0.07418835419912788,0.31144463164451625,1.8786140114687494e-5,1.2284194001898977e-5,0.08561882331126576,-0.00022172778570553754,-0.03866607269593886,-0.007130040364235304,0.11272777799096978,1.8631713847462968e-5,0.016645492603877432,-0.008028956145156951,0.018868428940740246,0.0866767091892666,-0.0002711724449976023,-0.054620073145688855,-1.8334413771745322e-5,-2.2726079671819647e-5,0.09097730769337851,1.412701424300335e-5
5.7,0.31282008164680786,-0.12150256902883548,0.09991896752124312,0.09992648479624996,1.3625634247978247,0.24942453322329916,0.5193161825721866,0.7670483492569109,0.9125757333461805,-0.2492655868169425,0.40184185408099576,0.6670628454480403,0.9236658895390835,0.24931417397900865,0.09994583554736498,0.09996936551968996,1.0285843214545964,0.2495407119951399,0.40713332894756443,0.28911817118872096,0.35921442366688644,0.10955105583943492,1.1220082399899078,0.3342247758283968,-0.07448326601122707,-0.0016156730578392982,-0.06074146117159224,0.00011660579398452441,0.0748356502811106,0.3116303123753371,1.2253900464556904e-5,6.4312420417272395e-6,0.07506675123305948,-0.00020213388624551156,-0.03167532687519482,-0.0033950383339449272,0.09566500384912546,2.5389662748883405e-7,0.022781134640794374,-0.004908694077666422,0.020002265579448193,0.0710172763107373,-0.00022117995988490952,-0.063437238491947,-1.9733358971091525e-5,-2.4121477877727324e-5,0.07471077413404871,5.089004258442788e-5
5.8,0.30707144127383973,-0.12157991178848987,0.09991987846606468,0.09992506959200084,1.3697529615093949,0.24940494674148847,0.5163135213859158,0.7667486233506148,0.9216424268615602,-0.2492657550689397,0.40137753019486777,0.6690257139817052,0.9303472986762438,0.24929293952916134,0.0999459971405252,0.09996882234736366,1.0355534599178033,0.2495417315092357,0.4094486548369123,0.2907815012331776,0.3632505000152989,0.10956856797297916,1.1220371273013987,0.3279990323582584,-0.07401568237369724,-0.001576156362233585,-0.05383680876143771,-0.0012904371568959938,0.07541976823601232,0.3117298299828061,2.379825252810263e-5,1.0311390211187616e-5,0.06776488931119122,-0.00019639819847736803,-0.02793950577616852,-0.002227654340721916,0.08495967564106412,1.0826535771979854e-5,0.023283354663670715,-0.004011424855375558,0.019563701188984713,0.062053108560058495,-0.00021354171823016098,-0.06103017029845538,-3.906977876525321e-6,-1.1217727970221194e-5,0.0643240438302364,1.3263847062340394e-5
5.9,0.30185146942111346,-0.12169742884046546,0.0999220406510428,0.09992674351871002,1.3762678832712034,0.24938633283387415,0.5135635806873867,0.76646613862733,0.9299044913168395,-0.2492648792745216,0.40090148845549245,0.6708532228490055,0.9364228356618789,0.24927285709383995,0.0999450883911896,0.09996760317048135,1.041761073279271,0.24954510560566207,0.41176716287355475,0.292185756205676,0.36724985441618313,0.1095937646293807,1.1220800400312634,0.3221978019598466,-0.07357369151563521,-0.0015342469970430724,-0.05110031612061093,-0.001194108425303025,0.0759560540846058,0.31183171905754703,1.5933209803639727e-5,1.088102072916464e-5,0.06337392920112853,-0.00017709917061595648,-0.027478503542676266,-0.0037374042664546706,0.08116173793441248,7.1235372457201304e-6,0.02310146151070755,-0.005799970099062667,0.016763262919527868,0.06020473801860395,-0.0001917147816283517,-0.055627076191903796,-8.662443255022892e-6,-1.0345803842883966e-5,0.060541247372088894,3.670038400935162e-5
6.0,0.2968862070178995,-0.12182865214782047,0.09992369869205649,0.0999276187499792,1.3824118976311686,0.2493688909756495,0.5108623527918172,0.7660478781826412,0.9378078449225334,-0.24926382493642404,0.40026605277171434,0.6724275875563247,0.9423093657756209,0.24925392461266485,0.09994451244010348,0.09996673567319624,1.0476128514097507,0.24954761950741378,0.41405902799836664,0.2932386720197674,0.37115314068496313,0.10961539772053995,1.1221167572384305,0.3167193634965014,-0.07315345040486658,-0.0014966659881271234,-0.04798489399293733,-0.0013771144885890384,0.0764584215227874,0.3119240719775212,1.760294151149983e-5,9.349343600305151e-6,0.05921479923848757,-0.00017071431172174152,-0.026302275525764845,-0.004393404028898904,0.07650571905568958,1.3274723687350296e-5,0.02263618290544265,-0.006671605176918955,0.014946734957125342,0.05712514685028572,-0.00018538335651271606,-0.053903427361416144,-4.6560957266837395e-6,-8.046601910318819e-6,0.056237432793670675,1.921432117713079e-5
6.1,0.2922440530062986,-0.12196821213972103,0.09992535166575026,0.09992856531906609,1.388121880492887,0.24935243135283516,0.5082993451561362,0.765587253861802,0.945221147888675,-0.2492624262571103,0.39956912724539895,0.6738453884803677,0.9478595171249858,0.24923601589460403,0.0999439760885599,0.09996590958055582,1.0530279466588945,0.2495496894562567,0.4162890651308837,0.29414191018686964,0.37506273698267073,0.10963520064046574,1.1221505233909723,0.31145831609678853,-0.07276201117834512,-0.0014595841122139494,-0.04498433378527892,-0.0014175765353511946,0.07692658326489628,0.31200700364466566,1.5619006260388255e-5,9.219179649734861e-6,0.055159340124829294,-0.00015916943271362076,-0.025040323726422672,-0.004870266328854669,0.07196210919494907,1.4778696095339747e-5,0.02197253663132611,-0.007305415608674143,0.01338336404013779,0.05404579991000231,-0.000173376058277818,-0.05130249931261849,-5.543586933249145e-6,-8.093565158568548e-6,0.052242846123254194,2.072867920093667e-5
6.2,0.28788243566890004,-0.12211154446574533,0.09992688886383706,0.09992945613757657,1.393455110685025,0.24933695282503684,0.505855065108364,0.7650793024341376,0.9522086108886378,-0.2492608359277692,0.3988116881320073,0.6751130082189878,0.9531214591091437,0.24921914768160647,0.09994348210535249,0.0999651593657406,1.058072960697281,0.249551503090411,0.4184496741847325,0.2948575816940941,0.37891934315615455,0.10965369106057916,1.1221821442191424,0.30644769302471137,-0.07239320419468873,-0.0014241852798995676,-0.042241819208210324,-0.0014412504725457064,0.07736392739006816,0.31208306317630125,1.499733993924477e-5,8.525292625147892e-6,0.051508512527997395,-0.00015021194694197473,-0.0238095921669892,-0.005236166324603412,0.0677622986422063,1.6870136870059966e-5,0.021213708012923972,-0.0077872139704912606,0.012032846581219456,0.05114751557721952,-0.00016392779054856286,-0.04893670346724631,-4.475446231616823e-6,-7.0588535498629515e-6,0.04866232502840772,1.599496104252046e-5
6.3,0.28379630861935995,-0.12225630887540283,0.09992830856656781,0.09993029255055999,1.3984264090736516,0.24932240035359074,0.5035434909818908,0.7645498018152252,0.9587696670179738,-0.24925910493764836,0.39802303568048686,0.6762644625658832,0.9580800155825613,0.2492032299073493,0.09994339489352431,0.09996478195189323,1.0627604126888301,0.24955174181973472,0.4205244391638013,0.29542352099124164,0.38272208551305037,0.10967001232775107,1.12221011825209,0.3016727696396461,-0.0720470322989713,-0.001389805124653626,-0.039313207681914625,-0.0014805794018536694,0.07777242901189257,0.3121518660150739,9.693355132070195e-6,6.195885934172082e-6,0.04779382984303702,-0.00013675279031671685,-0.0222435009545165,-0.005169370540190608,0.06315418851527198,1.7487906108506915e-5,0.020079784571749273,-0.007771320405516302,0.011208582062248618,0.04765691477206563,-0.0001548393297832846,-0.04654320932175803,5.010587075999549e-6,5.328231418993673e-7,0.04483284268758053,-2.722843176588889e-5
6.4,0.27998413713367615,-0.12240645617709867,0.09992808597660083,0.0999301038114445,1.4030908352568932,0.24931024639369267,0.501371252171914,0.7640120444305207,0.9649090313028353,-0.24925765652292994,0.3972374107540908,0.6773353083362312,0.962707662797293,0.24918844090688252,0.09994377967411885,0.09996463486123403,1.067068385776229,0.24954803179187615,0.42249564940402634,0.2959617217276749,0.3865186085739397,0.10968520289558086,1.1222364267987899,0.2970389248909249,-0.0716946242564891,-0.0013488317288003911,-0.0372645038572526,-0.0015620823626353582,0.07815345851172988,0.31220769815773075,-8.964767860689387e-6,-5.686943857498343e-6,0.0460462088454541,-0.00011392367347705387,-0.021501806236975833,-0.005848343289922771,0.06023447699009473,1.2589255136377699e-5,0.019578631661983578,-0.008146095335560823,0.010031458970664714,0.0454040308183248,-0.00014276395485960638,-0.04633966739144189,4.167390029305385e-6,-1.5978373005752332e-6,0.04166400437361475,-4.692254309040027e-5
6.5,0.2763270691536125,-0.1225691879207,0.09992731600532045,0.09992964597022674,1.4076522326999727,0.24929873162284083,0.4992322667666444,0.7633731941697335,0.9708457408646237,-0.24925634012506998,0.39639235669995315,0.678271932089568,0.9671804738982096,0.24917437195205253,0.09994427267637154,0.09996454077149451,1.0711134089392966,0.24954304254059628,0.4244460832340296,0.29650009293770924,0.3903136492525755,0.10970067030532639,1.1222633691744792,0.29243888640438964,-0.07133755050797831,-0.0013051586163365598,-0.03577909813362664,-0.0016776586537539265,0.07851341940363113,0.312254718164663,-5.702962649779663e-6,-3.90847799035308e-6,0.0449847774376634,-0.00011664970265698553,-0.021163583365606344,-0.006810012360971996,0.05832406569153422,1.3860034484642405e-5,0.019364045283696504,-0.008636900865558782,0.008822581767484784,0.04386742361646976,-0.0001384775696187533,-0.04541976589159221,5.409742571011517e-6,-3.9767115090737026e-7,0.0391608400632312,-4.9152519194036084e-5
6.6,0.27284884238409307,-0.12274032564279927,0.0999269203187155,0.09992931522762488,1.412049793443397,0.24928707201197817,0.4971609179549279,0.7626726612763891,0.9765367737286491,-0.2492549002868997,0.3955309169162516,0.6791208527471854,0.971444882437491,0.24916082443011223,0.09994480393028791,0.09996451861674162,1.0748850030947807,0.24953849236170036,0.4263566036305437,0.29696047095218,0.3940355123611881,0.10971418612938791,1.122286949941729,0.2879928536268491,-0.07100401905754836,-0.0012652621202019526,-0.03374672651510406,-0.0017328194872678485,0.07885304742982975,0.3122957434718363,-2.706359271032506e-6,-2.5375773585680587e-6,0.042861744691639704,-0.00011556627081494357,-0.020211573785328483,-0.007142506835716188,0.05541904251559313,1.4817762942712956e-5,0.018805219712687747,-0.008541871266406167,0.00820683568531904,0.04135181590678871,-0.00013220304782508786,-0.04338379230233326,5.0564183715101165e-6,-1.655904744725234e-7,0.03626914109842132,-4.218731458359962e-5
6.7,0.2695734543068893,-0.1229134271429295,0.09992664664180555,0.09992907729738283,1.416222267305687,0.24927576290215053,0.49518959296827675,0.7619468650427245,0.9819344364181641,-0.24925340696623935,0.3946852785540293,0.6799153527028352,0.9754564613836525,0.2491479550441435,0.0999452819162527,0.0999645020585826,1.0783792447652367,0.24953445175331848,0.4282034667700872,0.29731448508965147,0.39764801549150414,0.1097267375838955,1.1223089045668118,0.28376635056839067,-0.0706910368108846,-0.001228537618983138,-0.03180684716845892,-0.0017232702609442806,0.07917224026338576,0.3123324860324024,-3.0828487588197437e-6,-2.526922654441859e-6,0.04062852676322314,-0.00011043000147813891,-0.01923902522262552,-0.007381941393191643,0.05260109206959347,1.4983562905743523e-5,0.018132565337770974,-0.008383052341197092,0.007678617374710518,0.03894473432018228,-0.0001252518308208344,-0.041196027713345525,4.585016762290228e-6,-1.42714527788078e-7,0.03369242383518717,-3.924207462776868e-5
6.8,0.2664805235102049,-0.12308426740200594,0.0999263261567086,0.09992881751731415,1.4201820369267402,0.24926494891630216,0.49331017776526387,0.7611963243222335,0.987066676261333,-0.249251897467555,0.3938531100089212,0.680657290870106,0.9792430428437572,0.24913574566944496,0.0999457369261789,0.09996449691982537,1.0816350345780998,0.24953060889576492,0.42998345937617927,0.2975721417962224,0.4011513720824843,0.10973859829997784,1.1223297059139015,0.2797445922032896,-0.07039329691624366,-0.0011936244542809075,-0.0300707372003048,-0.0016899749381613328,0.0794726862719207,0.3123653696764747,-3.096219575293705e-6,-2.521495604839709e-6,0.03857766896584507,-0.00010606478213432091,-0.01835019525469719,-0.007616348764257585,0.05006506912269906,1.5249222748381456e-5,0.01746281051786885,-0.00825445831829344,0.007172773578467618,0.03680796213392613,-0.00011904123088662193,-0.039255005676691566,4.539232563653663e-6,6.577266460848197e-8,0.03146122056572243,-3.747481708371437e-5
6.9,0.2635572386467124,-0.12325075764611934,0.09992604548243249,0.09992858150127525,1.4239376078300696,0.24925454171273037,0.49152073677774843,0.7604272362588552,0.9919487743204394,-0.24925035633062295,0.393036820270781,0.6813530117070411,0.9828197116306497,0.24912413871997782,0.09994618482654943,0.09996451546568251,1.0846770016398497,0.24952698621639852,0.4316943756014941,0.2977453111952124,0.4045478169411782,0.10974964826182274,1.1223491324146169,0.2759153980223633,-0.07011157667090417,-0.0011605657275446386,-0.028403237968801513,-0.0016371289400612878,0.07975578716531515,0.31239502874528746,-2.538851608227273e-6,-2.215953926339476e-6,0.036531887311814504,-0.00010201339409983264,-0.01743220552815243,-0.007747012727424817,0.047580288781936944,1.5552409862474854e-5,0.016747706422143346,-0.008061152209356479,0.0067567744643708206,0.034731360561144016,-0.00011311071254575141,-0.03732772464885286,4.399193073549826e-6,2.8689761443933236e-7,0.02940211108641622,-3.492603131978842e-5
7.0,0.26079758358528743,-0.1234112472754191,0.09992580923314016,0.09992837137162762,1.4274893843761889,0.24924455888369848,0.4898241970216161,0.759649823428564,0.9965846090838445,-0.24924879194755636,0.3922417694742026,0.6820110400695861,0.9861916652635775,0.24911311932374394,0.09994661831756665,0.0999645507357279,1.087520608956624,0.2495236178733969,0.4333320457764179,0.2978387452820717,0.4078344439525932,0.10975992979353243,1.1223672498410238,0.27227797309542,-0.06984585785027461,-0.0011293879256985694,-0.026804543195896525,-0.0015708805523907685,0.0800225347037277,0.3124219959746615,-2.224595922452578e-6,-2.0039198892458844e-6,0.034515024219403424,-9.7606515432198e-5,-0.016499932945696492,-0.007790616902667452,0.04515188790866051,1.5712739615498944e-5,0.016003694142834552,-0.007835853089934453,0.006411359009702386,0.03272523858726435,-0.00010730857924578988,-0.035431641011254636,4.25975472662317e-6,4.142525884525689e-7,0.027497564424456996,-3.251668362184002e-5
7.1,0.25819321436995823,-0.1235646796287186,0.09992559711005147,0.09992817838340869,1.430843500975702,0.24923502137052728,0.488220140243211,0.7588708807282631,1.0009826813261973,-0.24924721729855773,0.3914700603588989,0.6826365365978113,0.9893685905595894,0.24910266888303464,0.0999470363496438,0.09996459808122618,1.0901818851390177,0.2495204713051409,0.4348950456152752,0.2978589367795558,0.41101076991362323,0.10976953998380574,1.122384222972528,0.2688263726740117,-0.06959503782219094,-0.0010998845868313773,-0.02529789452750114,-0.0014969300759311147,0.08027392539505074,0.31244665433038477,-2.0166698634778834e-6,-1.854162474327336e-6,0.03258247383330029,-9.31620569826997e-5,-0.01558480430923169,-0.007779958559166704,0.042826928975219516,1.5766715754294654e-5,0.015256892236881654,-0.0075991929971518804,0.006105237677324799,0.03083167288504634,-0.00010174629808764414,-0.033614496899096,4.122862691160685e-6,5.277988778454292e-7,0.025752796740654737,-3.0438506032919054e-5
7.2,0.25573522571348534,-0.12371051666813622,0.09992540740849218,0.09992800091162654,1.4340087662235275,0.24922592281047573,0.48670661335142945,0.7580954462430618,1.0051531963673295,-0.2492456410849923,0.3907224273086227,0.6832331914162104,0.9923613910383019,0.24909276164031238,0.09994744075285907,0.09996465636904556,1.0926756719229023,0.24951752583960554,0.4363836140080223,0.2978130238382731,0.41407776237182975,0.10977852224545301,1.1224001220766775,0.2655524430685716,-0.06935833216468275,-0.0010719398578734154,-0.023874892820434347,-0.001419421668763537,0.08051092637682351,0.3124693039031078,-1.774672068029143e-6,-1.6937893449312537e-6,0.030736741258652132,-8.882419536626864e-5,-0.014688893254409256,-0.007720966886231312,0.04059844979596351,1.574437796671753e-5,0.014515769991614082,-0.007351928338494554,0.005833434937287684,0.029040133035747085,-9.643803449847832e-5,-0.031876409295274244,3.960955341846299e-6,6.353175332011742e-7,0.024143613420121307,-2.848552710857476e-5
7.3,0.253415697475781,-0.12384852088968683,0.0999252412718673,0.09992783976999009,1.4369936702458983,0.24921725374601525,0.48528161124295405,0.757328102029475,1.0091053863462376,-0.2492440711984541,0.38999948934381506,0.6838043665399303,0.9951797092919015,0.24908337344680753,0.09994783147329922,0.09996472371949046,1.0950145177656707,0.24951477183154072,0.43779856683471113,0.29770754451505754,0.4170365754804108,0.10978691536682944,1.1224150100459858,0.26244862444844136,-0.06913509917195454,-0.0010454855912568448,-0.02252825156608449,-0.0013406102736653097,0.08073441108151212,0.31249020259053195,-1.553282556511812e-6,-1.5355834839837789e-6,0.02897590245592777,-8.456859992905678e-5,-0.013815166457967838,-0.00761984278139061,0.03846079508704449,1.5640071205895495e-5,0.013785741845032092,-0.007104177376664783,0.005593761840808074,0.027341929932756286,-9.13624978991888e-5,-0.030212645901524546,3.830209306859765e-6,7.125344573690663e-7,0.02265199719280564,-2.6626850894615054e-5
7.4,0.2512270816814384,-0.12397865552317193,0.09992509559174141,0.09992769346980747,1.4398069309785384,0.24920900554351502,0.4839426254097026,0.7565725485585754,1.0128485059309054,-0.2492425155638897,0.38930140586052725,0.6843527873072129,0.9978328936892523,0.24907448133964885,0.09994820817640912,0.09996479797142703,1.0972096552607662,0.24951219629612797,0.43914135931035536,0.29754866890292453,0.41988870525166344,0.10979476346512994,1.1224289600038753,0.25950731954063877,-0.06892461599331023,-0.0010204421192387635,-0.021256327128981758,-0.0012622848857589085,0.08094518830433536,0.31250955806399966,-1.3644007391859085e-6,-1.3914659414161006e-6,0.02730438427739259,-8.041653559603027e-5,-0.01296970454581815,-0.007486565230150468,0.036417485067509525,1.5461292612430495e-5,0.013073522038955758,-0.00685865959814186,0.0053784100068377865,0.025737194855316285,-8.65188809803187e-5,-0.028626532618832776,3.7103440823950717e-6,7.686797353719939e-7,0.021267855989215715,-2.490362493647134e-5
7.5,0.24916204409697607,-0.12410103688770659,0.09992496799719369,0.09992756078939748,1.4424575390634653,0.24920116615441987,0.48268662716422395,0.755831601167018,1.0163920423441146,-0.24924098098118846,0.38862790321479485,0.6848805978038738,1.0003301827709796,0.24906606211575844,0.09994857096521347,0.09996487752332513,1.0992713389599063,0.24950978597038287,0.4404140141606425,0.29734234253678027,0.4226360597940204,0.1098021058717845,1.1224420372308517,0.2567207229939261,-0.06872617116099926,-0.0009967330806460169,-0.020056011144915682,-0.0011857139208826225,0.08114401742810905,0.31252754105383124,-1.1911458494379094e-6,-1.2593708491689053e-6,0.025722526949661186,-7.639723869245224e-5,-0.012155984074370494,-0.007328673114495735,0.034468837690195,1.5220687631468279e-5,0.012383522312641284,-0.00661514731514095,0.0051817556275518435,0.024223164732578042,-8.190529315563893e-5,-0.027118189104210863,3.572909621587719e-6,8.145977698311367e-7,0.01998123760347015,-2.331015406976535e-5
7.6,0.24722508635348459,-0.12418712321174323,0.09992503498197627,0.09992749461255487,1.444920677579989,0.2491937223960957,0.4814891191428748,0.7550952287457685,1.0197697477774341,-0.24923655157099034,0.38803225158467675,0.6854342366917119,1.0026559624749776,0.24799274486202566,0.09994938564554996,0.09996554422529204,1.1012018652614588,0.2495079722280554,0.4415795289967996,0.2970750137760247,0.4252805077211718,0.10980981448749705,1.1224557824710577,0.25412313331645836,-0.06853636148517996,-0.0009742547696558819,-0.018707379674933137,-0.0005435744071880289,0.08133124606002136,0.3125423006244612,-5.50980386624397e-7,-2.6124835594419836e-6,0.023591097521653236,-7.10863091917439e-5,-0.011896629242253605,-0.007486212023716245,0.033233124380643846,5.106078894752802e-5,0.010962063569242852,-0.005023087497677384,0.006143116963138908,0.02229282284376589,-0.021265512486419526,-0.02491392198457125,8.942295750075458e-6,7.937318716845678e-6,0.018632183471248797,-1.530695903754164e-5
7.7,0.2454004414321422,-0.1242151336180318,0.09992488329288045,0.09992718715107153,1.4472080161069307,0.24918684285482964,0.48028138923655694,0.7543120589115168,1.023083076701272,-0.24923087300049437,0.3876524517168854,0.6861351841006247,1.0048147909540446,0.2449704700819252,0.09995033762466285,0.09996642892047006,1.1030128761974471,0.24950648345212562,0.442627475315212,0.29675561205568013,0.427838050423219,0.10981791068595852,1.1224701746989663,0.2517076275374576,-0.06833505620470379,-0.0009513653970203728,-0.017896542467296925,-3.072903921577205e-5,0.08150831871548143,0.31254643772780555,-2.4941808793787914e-6,-3.5132885855614235e-6,0.02230562568474087,-6.700201436118055e-5,-0.012382691081424929,-0.008283191394788933,0.03325736204630442,6.236985664577828e-5,0.010078901128238536,-0.0024803751981567032,0.00794973040591513,0.021034214227224585,-0.03861009944513668,-0.02344881361057768,1.0161742126050205e-5,9.892034763512752e-6,0.017686404720738593,-1.4725943529278878e-5
7.8,0.24362916464480075,-0.12419768558082381,0.09992449585755223,0.09992670399382517,1.4494075416595642,0.24918026443891833,0.47899381407797653,0.7534228341128235,1.0264549513793484,-0.2492241024651068,0.38755072429419524,0.6870351337041531,1.006884518211994,0.24035477153787912,0.09995142484165001,0.09996752564973399,1.1047521183369506,0.2495050238756761,0.44361089716648977,0.2963943614839862,0.4303065535863409,0.1098267619866022,1.1224858577021146,0.24942346896946083,-0.06809961188078706,-0.0009281429004950233,-0.0175835007470599,0.0003543722268896762,0.08167874619008116,0.31253481474409817,-5.306045660960639e-6,-6.291390839916399e-6,0.021786951150285686,-6.485625197396832e-5,-0.013432795910704244,-0.009555199817047024,0.03429548829363084,7.297634635224613e-5,0.009669439818338262,0.0005111628168338333,0.010087644333404427,0.02043106305644005,-0.05340473279159731,-0.022275809938491983,1.1535264861167687e-5,1.201884711779655e-5,0.017127818526227967,-1.4580419451964641e-5
7.9,0.24187465318434911,-0.12414859344922319,0.09992382661600513,0.09992594851666675,1.4515825033094052,0.24917381285669826,0.4775841718658095,0.7523920370755981,1.0299613574391004,-0.249216283132787,0.3877628856775121,0.6881567646954287,1.0089142966481277,0.23433157352903197,0.0999526451059297,0.09996882902078946,1.1064422674700938,0.2495035236528826,0.44457739052116907,0.2959958012812598,0.43266374464909896,0.10983611755223562,1.1225023637959293,0.24725459663086075,-0.06780658065517893,-0.0009064343141872759,-0.017547705862099878,0.0006090614098872177,0.08184514006797626,0.3124978064447605,-8.124929464839715e-6,-8.82479619995724e-6,0.02178737513431708,-6.439122780844514e-5,-0.014806044641081515,-0.011099944496297023,0.03591696277501367,8.339009578617414e-5,0.009742680420062981,0.0037588234273841763,0.012346358073923746,0.02023367006561025,-0.06692104829044421,-0.021035821469864508,1.2849677714962358e-5,1.4041908978890653e-5,0.016688493402012027,-1.5717664238173693e-5
8.0,0.2401138822772758,-0.12407961371801916,0.09992284861070491,0.09992490898985869,1.4537775418400507,0.24916735747216004,0.47602593124214243,0.7511973368595928,1.033650438028016,-0.24920743033761994,0.38830561177407036,0.6895032482605595,1.0109430141140736,0.22698816804281183,0.09995399744807343,0.09997032910159304,1.1080885480556584,0.24950180472338265,0.4455778906265183,0.2955331618022777,0.43484471165098004,0.10984615765507251,1.1225199735724443,0.24524267506214964,-0.06742105861954151,-0.0008883477093938984,-0.017677583097792892,0.0007505100368153448,0.08200939909714834,0.31242242351313493,-1.1538268994896099e-5,-1.2132352720415333e-5,0.022157766448077584,-6.481403108323682e-5,-0.016374509150077404,-0.012805584107291613,0.03789086734051049,9.363101874601727e-5,0.010375118840536462,0.007107936351439334,0.014574768890329168,0.02037986141493093,-0.07989664190192909,-0.018972533360230873,1.422490874884169e-5,1.5914161935259246e-5,0.016200154795569396,-1.924951845812321e-5
